{
  "Total" : {
    "transaction" : "Total",
    "sampleCount" : 250,
    "errorCount" : 45,
    "errorPct" : 18.0,
    "meanResTime" : 15024.116,
    "minResTime" : 239.0,
    "maxResTime" : 35035.0,
    "pct1ResTime" : 30997.0,
    "pct2ResTime" : 33097.0,
    "pct3ResTime" : 34774.28,
    "throughput" : 7.004959511334024,
    "receivedKBytesPerSec" : 5.3358090027739635,
    "sentKBytesPerSec" : 3.1356770906301663
  },
  "HTTP Request" : {
    "transaction" : "HTTP Request",
    "sampleCount" : 250,
    "errorCount" : 45,
    "errorPct" : 18.0,
    "meanResTime" : 15024.116,
    "minResTime" : 239.0,
    "maxResTime" : 35035.0,
    "pct1ResTime" : 30997.0,
    "pct2ResTime" : 33097.0,
    "pct3ResTime" : 34774.28,
    "throughput" : 7.004959511334024,
    "receivedKBytesPerSec" : 5.3358090027739635,
    "sentKBytesPerSec" : 3.1356770906301663
  }
}